,user.name
248,Sharon Schweitzer
687,William James
1465,Kasra Kassai
1471,ZoomStocks
1656,OFFICIAL GFFCONTWITCH ğŸ‡¬ğŸ‡§ Farming plays G.S.P
1715,Notts TV
1864,OFFICIAL GFFCONTWITCH ğŸ‡¬ğŸ‡§ Farming plays G.S.P
1866,OFFICIAL GFFCONTWITCH ğŸ‡¬ğŸ‡§ Farming plays G.S.P
1978,NoThankYouPlease
2448,Mark MartiakğŸ‡ºğŸ‡¦
2476,David Bowie Official
2623,Ğ ĞµÑ‚ÑŒÑĞ±Ğ¾Ğ¹ MQF ğŸ‡·ğŸ‡º
2684,Still SafeÂ®
2965,Fin Gray
3022,Simply Dom
3066,Fin Gray
3067,Fin Gray
3391,Michael Firth
3575,loveena tandon
3647,vanina.eth/ vanina.lens
3671,Gate 15
3817,Rupert Harrison
4000,Socialist Voice â­‘
4028,Ali Malik
4032,Ali Malik
4040,Ali Malik
4043,Ali Malik
4046,Ali Malik
4049,Ali Malik
4062,Ali Malik
4069,Ali Malik
4089,Ali Malik
4321,Daniel Z. Zylbersztajn-Lewandowski
4585,Michael Firth
4649,Quirky Rides
4820,The Westminster Collection
4934,James | K1NGJ1M ğŸ”œ GDC
5107,Kevin Maguire
5117,Still SafeÂ®
5257,Still SafeÂ®
5307,Rachael Swindon
5333,Ahad Ghanbary
5363,Kevin Maguire
5538,Rachael Swindon
5846,Jared Letoâ€™s Hard Kombucha
5849,Michelle Thompson ğŸ’ğŸŸ¥
6051,Mike Quindazzi
6442,Rachael Swindon
6559,James Melville
6599,Rachael Swindon
6875,Elon Musk
7149,ğ”‡ğ”¬ğ”²ğ”Ÿğ”©ğ”¢ ğ”‡ğ”²ğ”±ğ” ğ”¥ ğ”‡ğ”¦ğ”ğ”«ğ”¢ â˜£
7423,OFFICIAL GFFCONTWITCH ğŸ‡¬ğŸ‡§ Farming plays G.S.P
7664,Cavalier Postcards
7665,Cavalier Postcards
7674,Cavalier Postcards
7676,Cavalier Postcards
7679,Cavalier Postcards
7689,Cavalier Postcards
7690,Cavalier Postcards
7704,Cavalier Postcards
7785,Gerry Moore
7885,Hillz
7971,Ryan Carter
8008,Alex Napier Holland ğŸ¦
8149,Ben Grehan
8421,Autism care and share
8704,Ğ ĞµÑ‚ÑŒÑĞ±Ğ¾Ğ¹ MQF ğŸ‡·ğŸ‡º
9030,OFFICIAL GFFCONTWITCH ğŸ‡¬ğŸ‡§ Farming plays G.S.P
9072,Rhys Adams
9097,Adam Mawson
9320,Ğ ĞµÑ‚ÑŒÑĞ±Ğ¾Ğ¹ MQF ğŸ‡·ğŸ‡º
9334,Nathan Richardson
9654,Still SafeÂ®
9747,Mike 'Spike' Edwards
9858,Kevin Maguire
9875,John Mackenzie #ImStillJohn
9925,ğ™†ğ™”ğ™‡ğ™€ ğ™ˆğ˜¼ğ™‰ğ™ğ˜½ğ™ğ™„ğ˜¿ğ™‚ğ™€
9934,Wesley Baker
10077,Lorna Simes
10112,Tony Roe
10114,ğ”‡ğ”¬ğ”²ğ”Ÿğ”©ğ”¢ ğ”‡ğ”²ğ”±ğ” ğ”¥ ğ”‡ğ”¦ğ”ğ”«ğ”¢ â˜£
10133,Gibraltar Insightâ„¢ ğŸ‡¬ğŸ‡®
10340,Mike Saraswat
10449,Chris ğŸ‡ºğŸ‡¸
10751,Rick Houghton
11089,Ğ ĞµÑ‚ÑŒÑĞ±Ğ¾Ğ¹ MQF ğŸ‡·ğŸ‡º
11122,Adam Mawson
11276,Peter James
11508,Source
12081,Ross McIntosh ğŸ’™
12388,Rachael Swindon
12506,THE HERETIC
12527,Ğ ĞµÑ‚ÑŒÑĞ±Ğ¾Ğ¹ MQF ğŸ‡·ğŸ‡º
12616,Amal Tunga
12643,Spreadex Trading
12927,Dj Bilks
12948,Cllr James Hunt
12967,Ğ ĞµÑ‚ÑŒÑĞ±Ğ¾Ğ¹ MQF ğŸ‡·ğŸ‡º
13334,Hugo Romano
13478,Quirky Rides
13561,The Music Universe
13912,DOAM
14196,The Communists
14284,TinyWargames
14286,Mirror Breaking News
14364,ğŸ…¹ğŸ†„ğŸ…³ğŸ…¶ğŸ…´ ğŸ…¼ğŸ…´ğŸ…½ğŸ†ƒğŸ…°ğŸ…»
14460,âŸâ™¡à¼’â˜¬Æ“Ñ3Ñ‚Ñ”â˜¬à¼’â™¡âŸ
14469,Moe
14502,Still SafeÂ®
14503,Scott Dickinson MBE
14537,Tony Robinson OBE
14545,Tony Robinson OBE
14555,Tony Robinson OBE
14576,Tony Robinson OBE
14578,David-Leroy Sellers
14581,Tony Robinson OBE
14589,Tony Robinson OBE
14614,Ikenna Obi
14715,The Communists
15048,Azpects
15112,Autism care and share
15118,Still SafeÂ®
15165,LiveFight
15189,Who Called Me
15226,John Grant of #Horror ğŸ‘»ğŸ°ğŸ‘»
15298,ğŸ‘‘ Queenie ğŸ‘‘
15339,Antonio Milo
15414,AINHOA INK
15415,AINHOA INK
15475,TheGebs24
15478,OFFICIAL GFFCONTWITCH ğŸ‡¬ğŸ‡§ Farming plays G.S.P
15480,Hugo Guerra
15805,Catherine LLB Ø£Ø®Øª ÙƒÙŠØª ğŸŒ¹ğŸŒ¹ğŸŒ¹Book Author & Films ğŸ¥
15998,Michael Firth
16126,Peter Stefanovic
16318,Wiltshire 999s
16443,VOID
16558,Kazi Shafiqur Rahman
16563,Dan | 3 Hit U
16694,LBM
16703,London DADA
17620,ğ”‡ğ”¬ğ”²ğ”Ÿğ”©ğ”¢ ğ”‡ğ”²ğ”±ğ” ğ”¥ ğ”‡ğ”¦ğ”ğ”«ğ”¢ â˜£
17641,Philatelovely. John.
17799,Dickie Arbiter LVO ğŸ‡¬ğŸ‡§
18115,TaxiPoint - UK Taxi News
18177,Still SafeÂ®
18265,FullyCharged.SHOW
18286,Still SafeÂ®
18287,FullyCharged.SHOW
18593,Patricia Watts
18597,Matt Shaw ğŸ´â€â˜ ï¸
18614,Philip J ReynoldsTV ğŸ¥ ğŸ“» ğŸ™
18790,Philip J ReynoldsTV ğŸ¥ ğŸ“» ğŸ™
18941,Anthony Luka Davenport ğŸ‡ºğŸ‡¦ğŸ³ï¸â€ğŸŒˆî¨€
19063,The Communists
19196,Patricia Watts
19259,Kenneth Rutterâ„¢
19276,ğ”‡ğ”¬ğ”²ğ”Ÿğ”©ğ”¢ ğ”‡ğ”²ğ”±ğ” ğ”¥ ğ”‡ğ”¦ğ”ğ”«ğ”¢ â˜£
19401,"Dr Mario Trabucco della Torretta, ACIM"
19427,Ğ ĞµÑ‚ÑŒÑĞ±Ğ¾Ğ¹ MQF ğŸ‡·ğŸ‡º
19441,Still SafeÂ®
19448,Still SafeÂ®
19501,Patricia Watts
19577,Ğ ĞµÑ‚ÑŒÑĞ±Ğ¾Ğ¹ MQF ğŸ‡·ğŸ‡º
19585,Sir Frankie of Dubai
19903,ğ”‡ğ”¬ğ”²ğ”Ÿğ”©ğ”¢ ğ”‡ğ”²ğ”±ğ” ğ”¥ ğ”‡ğ”¦ğ”ğ”«ğ”¢ â˜£
19923,David-Leroy Sellers
19944,ğ”‡ğ”¬ğ”²ğ”Ÿğ”©ğ”¢ ğ”‡ğ”²ğ”±ğ” ğ”¥ ğ”‡ğ”¦ğ”ğ”«ğ”¢ â˜£
19950,Still SafeÂ®
20066,Philip J ReynoldsTV ğŸ¥ ğŸ“» ğŸ™
20067,Ğ ĞµÑ‚ÑŒÑĞ±Ğ¾Ğ¹ MQF ğŸ‡·ğŸ‡º
20388,Shane Andrews MBE
20428,Ğ ĞµÑ‚ÑŒÑĞ±Ğ¾Ğ¹ MQF ğŸ‡·ğŸ‡º
20443,Zora Suleman
20495,Ğ ĞµÑ‚ÑŒÑĞ±Ğ¾Ğ¹ MQF ğŸ‡·ğŸ‡º
20665,OFFICIAL GFFCONTWITCH ğŸ‡¬ğŸ‡§ Farming plays G.S.P
20669,Ivan Humble
20797,THE HERETIC
20966,ğŸ³ï¸â€ğŸŒˆğŸ’™ğŸ‡ªğŸ‡ºâ¤ï¸ğŸ³ï¸â€âš§ï¸
20976,Patricia Watts
20981,Patricia Watts
20983,Who Called Me
21021,steve
21081,ğ”‡ğ”¬ğ”²ğ”Ÿğ”©ğ”¢ ğ”‡ğ”²ğ”±ğ” ğ”¥ ğ”‡ğ”¦ğ”ğ”«ğ”¢ â˜£
21244,ZoomStocks
21373,Ali Ineson (Milner)
21593,OFFICIAL GFFCONTWITCH ğŸ‡¬ğŸ‡§ Farming plays G.S.P
21667,Patricia Watts
21688,Who Called Me
21837,Michael Firth
21890,Tarek Al-Yafei ğŸ‡¬ğŸ‡§
21929,Who Called Me
21937,Glen Gorganzolla
21945,OFFICIAL GFFCONTWITCH ğŸ‡¬ğŸ‡§ Farming plays G.S.P
21981,ZoomStocks
21984,Ğ ĞµÑ‚ÑŒÑĞ±Ğ¾Ğ¹ MQF ğŸ‡·ğŸ‡º
22046,Who Called Me
22103,Cory Boatright
22283,Patricia Watts
22336,"ALLEN & DOUGLAS ~ songs, literature, imagery Â©"
22385,Matt ğŸ“±
22456,Patricia Watts
22460,Springchat
22477,Philatelovely. John.
22616,Syedih
22624,Cavalier Postcards
22696,Abi ğŸ´ó §ó ¢ó ³ó £ó ´ó ¿
22699,Sir Frankie of Dubai
22714,ğ”‡ğ”¬ğ”²ğ”Ÿğ”©ğ”¢ ğ”‡ğ”²ğ”±ğ” ğ”¥ ğ”‡ğ”¦ğ”ğ”«ğ”¢ â˜£
22722,sarah
22779,BrandUK
22786,Ronnie
22887,Sabrina Chevannes
22961,MyOldChinaVintage
23020,Network Wizkid
23021,Be-Employed Ltd
23027,Roadtrip Couple
23029,Network Wizkid
23034,Network Wizkid
23044,Who Called Me
23051,Who Called Me
23081,Network Wizkid
23151,Patricia Watts
23154,Patricia Watts
23157,Patricia Watts
23166,Patricia Watts
23288,Just Entrepreneurs
23348,Mark M â€˜From the Potatoâ€™s Sackâ€™ - Classic & Retro
23513,Jeremy Vine
23559,Patricia Watts
23563,Ğ ĞµÑ‚ÑŒÑĞ±Ğ¾Ğ¹ MQF ğŸ‡·ğŸ‡º
23564,mRr3b00t
23625,Drift Record Shop
23665,Heather RogersğŸ‡ºğŸ‡¦
23699,Philatelovely. John.
23728,Just Entrepreneurs
23737,Chris M Pattinson
23774,Claudia Bryan
23787,Stuart
23856,Alan
23885,CPierceUK
23911,DirectorsTalk
23953,Kenect Recruitment
23964,John Mackenzie #ImStillJohn
23966,John Mackenzie #ImStillJohn
24160,OFFICIAL GFFCONTWITCH ğŸ‡¬ğŸ‡§ Farming plays G.S.P
24234,Engin Dikmen
24240,Atlantic Capital Markets
24246,ESPN MMA
24368,Patricia Watts
24412,Andy Mallins
24621,Ğ ĞµÑ‚ÑŒÑĞ±Ğ¾Ğ¹ MQF ğŸ‡·ğŸ‡º
24636,MATCHDAY FOOTBALL PROGRAMMES
24652,MATCHDAY FOOTBALL PROGRAMMES
24653,MATCHDAY FOOTBALL PROGRAMMES
24685,Shane Andrews MBE
24686,Shane Andrews MBE
24838,Kyle Mansell
24872,Belfast Books
24984,Who Called Me
25078,ThePrintArkive
25134,Ben Kerin
25198,ğŸ³ï¸â€ğŸŒˆğŸ’™ğŸ‡ªğŸ‡ºâ¤ï¸ğŸ³ï¸â€âš§ï¸
25415,Mirror Money Saving
25640,Politics Polls
25710,John Kirby
25711,John Kirby
25731,John Kirby
25821,Picture News
25913,CPierceUK
25927,Cory Doctorow (@pluralistic@mamot.fr)
25941,Pete Wilcock
26222,MJ
26288,Glen Gorganzolla
26353,Ronnie
26510,ğŸ‡ºğŸ‡¦ David Lyddon ğŸ‡¬ğŸ‡§
26565,Philatelovely. John.
26793,The London Economic
26834,Kelly M
26883,Sam ğŸ‡ºğŸ‡¸ğŸ‡¬ğŸ‡§ğŸ‡®ğŸ‡¹ğŸŠ (All ğŸ“·Â©)
26982,Elliot Hammer
27044,L&A
27083,L&A
27090,L&A
27097,L&A
27100,L&A
27227,Nana A Amoako-Atta
27292,Michael Firth
27331,Ivan Humble
27425,Ed Allen Art
27442,Breaking Market News
27490,L&A
27508,Zak
27525,Up Your Game Merch
27537,Peter Stefanovic
27652,Ehi Ekhator
27700,Peter Stefanovic
27789,Matt Toomer
27814,Peter Stefanovic
27851,Who Called Me
27877,Workers Party of Britain
27962,Garry Pickles ğŸ‡¬ğŸ‡§
28047,Kenect Recruitment
28064,ğ”‡ğ”¬ğ”²ğ”Ÿğ”©ğ”¢ ğ”‡ğ”²ğ”±ğ” ğ”¥ ğ”‡ğ”¦ğ”ğ”«ğ”¢ â˜£
28121,A/SCI Scott Dawson
28126,Peter Stefanovic
28129,Graeme Vacher
28158,Peter Stefanovic
28227,Donkey Junk
28280,Simon Harris - Man Behaving Dadly (THATâ€™S DADLY)
28449,Patricia Watts
28498,Chards Coin and Bullion Dealer
28510,Peter Stefanovic
28525,Ğ ĞµÑ‚ÑŒÑĞ±Ğ¾Ğ¹ MQF ğŸ‡·ğŸ‡º
28531,Mark Williams
28561,OFFICIAL GFFCONTWITCH ğŸ‡¬ğŸ‡§ Farming plays G.S.P
28629,Britain People
28709,Bryan John
28753,DeliveryApp
28852,Share_Talk â„¢
28897,Britain People
28984,RMT
28992,Minipip
29055,UK4UA
29115,Atlantic Capital Markets
29166,ğ”¸áµ£êœ€â‚â‚šâ‚‘â‚—áµ¢â‚â‚™ áµ£áµ¢â…†â…†â‚—â‚‘â‚›
29209,Sheabutter CottageÂ®
29249,CALEDONIAN KITTY ğŸ¦‡
29260,ChrisLeeâ„¢
29280,Peter Stefanovic
29293,Al Mayadeen English
29383,Britain People
29429,United Woody
29555,Abi ğŸ´ó §ó ¢ó ³ó £ó ´ó ¿
29575,OFFICIAL GFFCONTWITCH ğŸ‡¬ğŸ‡§ Farming plays G.S.P
29609,Richard Oliver Sefton-Durrant
29672,Chris Portis
29750,FreightGlass
29769,â™” ï¼ªï½…ï½ï½ï½‰ï½†ï½…ï½’ â™”
29841,Darren Millar
29875,Ben Stoneham
29880,Who Called Me
29927,Tom Wood
29930,Sam
29991,Britain People
30003,Britain People
30094,Britain People
30147,Britain People
30168,Cool Keyrings
30186,Alan Newton
30202,â„ğ•šğ•¡ğ•¡ğ•–ğ•£
30228,Sharon K. Gilbert
30289,Mark
30302,Mark
30346,mRr3b00t
30355,Yogesh Gahlawat
30359,mRr3b00t
30387,MATCHDAY FOOTBALL PROGRAMMES
30421,Azim Khodjibaev
30478,Sir Jeremy Bear of Tomsk ğŸ‡®ğŸ‡ªğŸ´ó §ó ¢ó ³ó £ó ´ó ¿ğŸ‡ªğŸ‡º
30505,ÅÌ§Ì›Ì­ÌºÍ”Í•Ì–Í‰ÌÌ©Í™Í™Ì¦Ì²Í‰Ì¦Í tÌ›ÌœÌ¼Ì²Ì¬Í–Í™ÌuÌ•ÍÍÌ¥ÌªÍ‡Ì¼Í™Ì®ÌºÌ£Ì£Í•Ì¹ÌÍ…
30548,TinyWargames
30618,Britain People
30624,PokieNova
30728,Matt Shaw ğŸ´â€â˜ ï¸
30766,TinyWargames
30799,Share_Talk â„¢
30813,Philip J ReynoldsTV ğŸ¥ ğŸ“» ğŸ™
30823,PrettyLittleThing
30844,OFFICIAL GFFCONTWITCH ğŸ‡¬ğŸ‡§ Farming plays G.S.P
30856,OFFICIAL GFFCONTWITCH ğŸ‡¬ğŸ‡§ Farming plays G.S.P
30889,Timothy Imholt
30892,Timothy Imholt
30893,Timothy Imholt
30895,Timothy Imholt
30904,Timothy Imholt
30906,Timothy Imholt
30907,Sam
30911,Timothy Imholt
30912,Timothy Imholt
30923,Timothy Imholt
30934,TinyWargames
30953,Change Checker
31017,John Perry
31035,Alfa Delta ğŸ‘©â¤ï¸â€ğŸ‘¨ğŸ¿
31038,Grant Feller
31057,Dominic Alvieri
31061,mRr3b00t
31071,mRr3b00t
31089,TechShots
31096,Peter Stefanovic
31100,Marco Davi
31137,Shahbaz Choudhry
31141,mRr3b00t
31213,mRr3b00t
31260,Dan Neidle
31307,David Johnson ğŸ
31370,Michael Gbadebo FRSA
31381,Dave Sumner Smith
31453,Women's Day
